Jane Camacho,50,91,88,74,97,64,91
Noel Peck,83,83,90,78,96,84,97
Octavia Lindsey,85,85,83,74,76,85,83
Castor Melton,53,90,87,56,83,82,76
Jillian Petersen,92,80,73,74,81,62,89
Maia Hampton,92,95,81,58,94,98,83
Daniel Justice,63,82,80,72,94,80,85
Debra Guerra,57,93,75,66,91,71,78
Daniel Petty,55,99,84,63,99,76,79
Guinevere O'donnell,60,78,74,55,86,50,99
Lee Decker,87,100,84,72,84,67,77
Carson Zamora,55,91,85,66,88,72,98
Nina Mcdaniel,86,88,77,78,80,93,93
Jacqueline Delacruz,55,82,82,78,93,100,81
Dorian Fowler,77,79,81,57,86,56,94
Owen Boyle,54,86,87,71,92,78,77
Bradley Horn,51,90,84,71,96,68,86
Vanna Peck,53,77,87,68,87,97,77
Jane Hart,70,85,89,69,98,55,78
Ifeoma Fuller,75,92,83,69,83,52,84
Maris Hanson,90,83,87,72,78,51,82
Jasper Russell,76,90,78,52,83,74,88
Amanda Tran,60,78,74,66,98,78,80
Silas Hahn,63,99,76,57,80,60,76
Patricia Cortez,68,96,87,65,90,59,97
Raya Munoz,55,92,86,61,85,68,97
Xanthus Mclaughlin,54,97,85,52,93,58,94
Anjolie Howell,82,96,85,55,99,64,79
Igor Cochran,63,81,71,55,79,86,85
Caesar Hansen,88,90,82,55,84,83,78
Lucius Howe,56,89,79,65,84,90,80
Len Dudley,83,82,85,74,84,58,98
Griffin Bolton,69,93,89,62,87,96,95
Olga Ayala,52,76,72,56,81,68,87
Martha Jarvis,86,83,77,74,83,71,77
Myra Rogers,73,87,82,50,91,81,84
Chiquita Aguilar,80,90,86,74,97,89,76
Berk Bowman,58,75,71,79,86,92,76
Liberty Grant,69,89,79,72,94,92,100
Carson Cleveland,94,91,74,79,98,80,79
Petra Monroe,71,93,86,76,90,78,86
Curran Pruitt,66,93,76,78,86,57,94
Zane Brennan,99,96,72,65,86,50,77
Lester Rowland,74,88,74,52,91,80,79
Linda Burns,88,97,78,67,99,81,94
Chadwick Talley,51,93,75,59,78,87,99
Clementine Mcdowell,72,94,73,73,83,83,99
Kasper Carrillo,58,88,83,50,88,94,93
Serena Turner,77,98,88,61,88,78,94
Morgan Flowers,81,98,83,68,82,89,87
Keelie Mccarthy,95,80,72,64,81,96,88
Bryar Hayes,84,90,72,54,88,93,78
Keegan Waller,70,93,70,75,90,59,92
Ray Whitney,52,84,85,66,82,90,96
Clio Morrison,87,95,71,56,83,80,81
Kane Sexton,79,85,81,57,87,85,78
Lara Durham,93,79,76,64,93,96,97
Chaim Brooks,70,93,72,57,88,57,86
Tobias Curry,53,97,82,76,95,57,90
Aiko Wynn,58,87,85,58,89,84,84
Kalia Vang,67,96,78,64,87,81,90
Silas Melendez,57,86,85,53,88,51,89
Natalie Conrad,75,85,89,56,80,81,88
Xanthus Osborn,94,96,74,52,75,64,96
Lila Sexton,73,97,86,77,78,70,87
Erich Morris,99,85,79,57,87,87,89
Felix Gordon,62,81,74,73,89,75,99
Aladdin Schmidt,75,76,80,78,75,62,75
Tasha Crawford,59,96,76,78,81,89,76
Graham Boyd,59,99,81,66,79,81,94
Aurelia Daniels,65,94,76,79,92,64,99
Berk Sloan,63,94,75,72,90,75,98
Emerson Rivera,57,82,85,51,90,95,87
Ursa Wall,54,75,82,60,95,97,94
Odysseus Murphy,95,89,71,51,80,98,95
Elijah Carr,81,99,75,57,84,54,77
Ira Gilliam,87,87,78,72,97,77,90
Leslie Gates,61,94,80,67,89,82,89
Illana Moore,67,86,84,59,79,71,81
Priscilla Grimes,83,77,71,64,83,64,78
Norman Dean,81,78,72,60,99,73,85
Jessamine Villarreal,74,84,87,77,77,56,84
Reagan Dillon,55,82,89,75,89,90,92
Ifeoma Yang,59,94,72,52,82,74,78
Elaine Burnett,90,86,88,53,96,92,93
Geoffrey Warren,77,87,76,60,84,85,90
Cameron Marks,86,89,83,75,88,86,85
Dacey Mccullough,83,88,80,54,82,54,86
Davis Diaz,53,79,89,72,88,71,79
Ignatius Montgomery,100,95,71,62,93,92,76
Kelly Holmes,72,81,88,71,77,62,87
Ryan Hubbard,71,86,81,53,88,94,97
Kathleen Mccarthy,89,84,71,78,99,73,90
Abigail Petersen,83,83,82,72,77,60,97
Dora Hartman,90,87,86,56,96,78,93
Lars Sellers,97,86,83,56,82,51,79
Murphy Cantu,61,84,85,52,75,96,99
Charity Head,63,75,88,51,99,60,97
Amanda Marks,87,96,81,66,91,51,87
Yoshio Wagner,91,81,80,71,96,69,85
Holly Meadows,61,81,83,75,78,57,81
Mari Hutchinson,69,82,71,59,87,77,86
Harding Roberson,58,76,78,54,79,68,92
Echo Robles,92,92,73,52,86,100,95
Laith Sutton,80,87,83,65,87,88,95
Mary Mclaughlin,79,96,81,71,90,69,87
Debra Guy,82,77,89,63,82,53,81
Stephen Melendez,69,77,85,51,75,64,93
Paki Fletcher,84,80,77,61,82,93,93
Alec Mccullough,61,87,81,65,92,55,83
Luke Willis,51,93,73,59,91,72,92
Lysandra Campos,51,83,77,74,92,68,93
Lucius Decker,57,93,82,77,78,52,78
Declan Nixon,95,98,86,72,96,59,95
Abel Gentry,97,89,82,55,97,66,97
Lynn Hopper,96,85,70,69,85,78,100
Orlando Riggs,85,90,83,55,95,52,84
Cole Burns,68,98,84,51,84,89,77
Hamilton Richardson,74,81,88,77,96,74,85
Richard Savage,91,75,85,55,78,80,80
Remedios Abbott,61,81,74,76,85,86,76
Quon Dean,71,75,74,55,98,84,98
Jorden Wall,63,75,70,64,91,75,90
Chase Hendrix,94,82,70,67,82,85,96
Wendy Callahan,62,98,81,55,94,80,93
Leo Barton,85,98,85,65,100,85,86
Kellie Dixon,52,95,75,59,95,99,92
Ann Maddox,99,97,88,64,83,77,79
Veronica Stevenson,66,95,90,64,88,92,87
Katell Strickland,98,79,87,75,85,54,81
Dean Wooten,60,76,86,58,98,78,79
Harrison Larson,53,98,90,66,92,69,80
Austin Mack,57,99,79,53,98,63,84
Garrett Bradshaw,81,98,81,72,88,83,78
Indira West,59,94,89,72,80,84,86
Lareina Conner,71,90,86,53,92,78,88
Hall Greer,81,91,85,74,80,70,87
Clinton Acosta,86,88,85,71,93,75,84
Zachary Webster,63,86,70,66,90,95,93
Ava Lester,77,78,85,74,78,55,79
Arsenio Lynn,79,94,78,55,87,51,79
Elmo Green,74,99,86,61,88,54,89
Karleigh Sykes,98,96,79,77,76,59,88
Wesley Hickman,85,82,83,63,85,68,76
Channing Fox,68,81,72,77,94,61,85
Gwendolyn Byrd,91,83,80,67,93,63,81
Jin Brooks,90,97,78,62,88,52,76
Cadman Curtis,53,100,83,51,93,83,84
Erin Blackburn,89,81,83,74,93,88,85
Orla Harper,70,92,80,52,75,82,90
Kadeem Landry,99,89,81,64,80,86,89
Nash Byrd,84,92,78,74,80,84,100
Elmo Myers,64,80,89,72,89,92,100
Rosalyn Battle,51,77,88,59,98,65,95
Fleur Wall,84,88,74,67,79,69,88
Elliott Raymond,81,79,77,70,87,63,85
Amber Tillman,82,96,85,57,87,71,80
Ina Aguilar,59,81,70,78,91,77,77
Josephine Glover,77,88,85,61,76,57,84
Rajah Preston,70,78,84,58,78,93,99
Orla Mcleod,55,84,74,78,92,67,89
Merrill Harvey,53,83,88,50,96,59,82
Chaim Gay,59,100,78,74,100,82,96
Diana Lara,69,92,83,74,83,56,84
Ifeoma Hopper,67,88,79,71,85,86,95
Justine Aguirre,91,92,90,55,97,93,91
Alden Riddle,57,95,74,76,96,100,84
Carl Guerrero,71,79,88,72,95,73,78
Thomas Kemp,69,84,78,70,79,62,82
Brennan Sims,90,81,74,59,90,100,87
Adrian Serrano,97,90,72,64,91,75,93
Donna Hammond,60,83,74,50,86,55,82
Celeste Richards,67,92,74,56,96,70,81
Acton Wilcox,59,97,71,73,97,52,97
Uriel Gibson,99,90,72,60,92,92,88
Adena Perkins,52,82,73,68,81,86,80
Kitra Sanders,56,100,76,79,77,68,84
Cade Orr,63,94,90,52,91,78,86
Ignatius Bean,100,84,77,56,96,57,81
Neil Torres,51,78,74,50,76,93,95
Wyatt Kim,82,97,76,71,86,76,76
Hedley Fuentes,64,81,83,60,82,71,84
Alexander Harris,67,81,76,71,89,69,83
Jackson Duffy,98,90,81,64,93,70,88
Abbot Keith,92,88,83,72,75,62,96
Isabella Livingston,69,89,85,52,85,63,78
Rajah Stevenson,63,95,88,69,78,55,97
Kelsie Jarvis,84,77,89,72,89,97,87
Wesley Skinner,63,82,76,71,94,69,81
Octavius Torres,79,84,88,51,94,83,90
Sasha Spence,96,89,75,57,78,79,86
Jackson Powers,92,83,74,53,88,91,84
Clare Mcfarland,89,91,89,69,77,89,76
Paul Mcpherson,70,86,71,70,83,54,76
Janna Merrill,76,100,77,71,80,86,98
Jin Andrews,93,91,89,54,75,69,82
Aimee Oneil,86,92,84,52,87,82,78
Simon Mckee,99,100,82,51,85,53,76
Renee Quinn,70,97,88,60,88,96,80
Brianna Downs,99,95,73,63,96,84,90
Alice Hansen,75,83,80,69,81,69,89
Molly Collier,96,87,80,58,80,91,82
Ria Holder,84,80,86,73,75,77,85
Mallory Short,68,90,72,65,85,72,86
Priscilla Shannon,60,98,84,59,85,99,100
Kyla Dunlap,94,96,80,55,76,90,91
Maris Tanner,61,78,81,62,94,81,88
Deacon Dyer,75,100,80,65,98,79,79
Troy Rosales,83,100,89,72,79,62,82
Chloe Whitfield,95,81,79,62,97,75,83
Dora Cochran,85,87,75,54,79,54,92
Gloria Ortiz,51,81,77,50,90,56,91
Oprah O'brien,54,86,79,80,99,52,79
Erich Casey,64,84,85,57,78,67,80
Tanner Mcneil,95,85,73,61,78,76,81
Elizabeth Velez,92,92,71,76,89,50,85
Omar Benjamin,61,76,78,72,87,71,75
Fredericka Hurley,93,76,79,60,93,62,93
Moses Schneider,100,94,83,67,76,55,83
Naida Armstrong,83,95,72,76,85,83,80
Kellie Harrington,93,79,74,76,97,62,89
Jessica Baldwin,60,80,82,65,85,62,80
Arden Weeks,85,90,72,54,77,55,92
Morgan Mccall,85,77,86,55,98,66,93
Leslie Blackwell,51,87,90,67,99,69,98
Tanya Fletcher,97,87,70,68,98,86,94
Caryn Saunders,65,98,87,54,88,92,90
Kenyon Herring,51,78,90,71,84,77,99
Emerson Bowers,71,88,74,67,76,77,75
Octavia Evans,96,98,89,72,94,57,81
Portia James,66,88,87,71,97,83,98
Ashton Stokes,67,83,84,53,76,62,82
Cain Bell,52,92,84,53,82,88,77
Allistair Spence,90,86,89,52,83,53,86
Angelica Bradley,72,76,87,51,95,92,82
Vernon Grimes,52,81,72,63,100,84,87
Delilah Oneil,59,99,73,53,83,76,90
Ann Avila,67,94,87,68,85,70,92
Caldwell Graves,71,96,77,52,92,87,82
Wilma Brewer,91,76,83,76,90,90,80
Harper Savage,65,89,71,50,79,51,79
Marvin Frost,55,91,85,75,91,90,85
Abra Compton,97,76,80,76,84,93,99
Reed Juarez,83,79,83,55,89,94,90
Slade Swanson,74,85,88,75,77,95,77
Jolene Hopper,72,81,72,74,90,69,99
Tarik Dejesus,64,76,79,70,92,69,90
Tarik Carney,84,91,74,52,94,62,87
Faith Mercado,66,92,73,77,93,89,88
Jenna Boyle,58,100,74,66,75,74,96
Ciara Mcneil,59,76,80,57,87,75,94
Chloe Murray,81,87,77,67,83,61,89
Gannon Spears,65,82,88,66,93,51,96
Illiana Landry,84,81,71,51,80,52,85
Haley James,99,78,77,56,96,66,86
Shaeleigh Forbes,77,78,89,79,88,70,95
Emily Norman,57,99,72,53,81,61,89
Igor Lane,62,81,88,75,96,88,90
Clinton Williamson,75,95,81,76,83,95,89
Cameron Riddle,56,88,88,71,85,96,97
Kyle Coffey,60,89,78,61,93,53,97
Kyle Gutierrez,92,95,81,53,91,84,88
Mikayla Mercado,91,90,82,62,94,83,77
Igor Underwood,69,79,87,53,87,89,82
Eve Barton,65,81,77,72,92,100,90
Camden Le,72,83,80,67,91,77,81
Aphrodite Dominguez,65,94,84,58,80,67,94
Ariel Stein,53,97,75,80,88,66,91
Imelda Carpenter,98,87,80,65,87,58,84
Rae Barlow,82,86,72,70,80,55,97
Francesca Franks,62,90,77,66,94,88,99
Conan Heath,87,79,84,55,99,70,91
Scarlett Rhodes,51,81,78,58,95,53,91
Diana Short,89,99,87,57,84,90,91
Regan Monroe,72,91,77,58,93,90,96
Evelyn Flores,61,84,79,57,96,83,92
Amal Mcintyre,100,82,78,78,98,92,89
Anjolie Durham,80,93,79,65,85,62,81
Baker Skinner,76,95,71,64,95,83,83
Noel Cantu,62,96,83,63,86,84,82
Ferdinand Moody,55,83,77,57,94,93,87
Jared Pate,66,91,85,75,100,52,95
Isadora Santos,71,99,81,56,79,82,91
Jordan Prince,93,97,76,68,80,74,86
Boris Herring,74,78,84,58,85,72,87
